{
  "model_type": "logistic_regression",
  "trained_at": "2026-04-06T22:28:57.705916",
  "dataset_size": 120,
  "train_size": 96,
  "test_size": 24,
  "num_features": 1455,
  "labels": {
    "0": "safe",
    "1": "hate_speech",
    "2": "harassment",
    "3": "discrimination",
    "4": "self_harm"
  },
  "f1_macro": 0.9492063492063492,
  "classification_report": {
    "safe": {
      "precision": 1.0,
      "recall": 1.0,
      "f1-score": 1.0,
      "support": 8.0
    },
    "hate_speech": {
      "precision": 0.8,
      "recall": 1.0,
      "f1-score": 0.8888888888888888,
      "support": 4.0
    },
    "harassment": {
      "precision": 1.0,
      "recall": 1.0,
      "f1-score": 1.0,
      "support": 4.0
    },
    "discrimination": {
      "precision": 1.0,
      "recall": 0.75,
      "f1-score": 0.8571428571428571,
      "support": 4.0
    },
    "self_harm": {
      "precision": 1.0,
      "recall": 1.0,
      "f1-score": 1.0,
      "support": 4.0
    },
    "accuracy": 0.9583333333333334,
    "macro avg": {
      "precision": 0.96,
      "recall": 0.95,
      "f1-score": 0.9492063492063492,
      "support": 24.0
    },
    "weighted avg": {
      "precision": 0.9666666666666667,
      "recall": 0.9583333333333334,
      "f1-score": 0.9576719576719577,
      "support": 24.0
    }
  },
  "confusion_matrix": [
    [
      8,
      0,
      0,
      0,
      0
    ],
    [
      0,
      4,
      0,
      0,
      0
    ],
    [
      0,
      0,
      4,
      0,
      0
    ],
    [
      0,
      1,
      0,
      3,
      0
    ],
    [
      0,
      0,
      0,
      0,
      4
    ]
  ]
}